[{"status":"passed","duration":72,"testCaseId":"233715.4","testCaseDescription":"SS - Charges and Credits Screen - Checks hamburger menu items on charges and credits screen redirected to correct page","feature":"Navigations","userRole":"Sales Support"},{"status":"disabled","duration":0,"testCaseId":"419287","testCaseDescription":"AM - Account Description Roll- Validating access and UI Landing Page","feature":"Account Description Roll","userRole":"Account Manager"},{"status":"disabled","duration":0,"testCaseId":"419287.1","testCaseDescription":"AM - Account Description Roll- Validating access and UI Landing Page","feature":"Account Description Roll","userRole":"Account Manager"},{"status":"disabled","duration":0,"testCaseId":"419287.2","testCaseDescription":"Sales Rep - Account Description Roll- Validating access and UI Landing Page","feature":"Account Description Roll","userRole":"Sales Representative"},{"status":"disabled","duration":0,"testCaseId":"361499","testCaseDescription":"Sales Rep - Account Description Roll- Validating access and UI Landing Page","feature":"Account Description Roll","userRole":"Sales Representative"},{"status":"disabled","duration":0.001,"testCaseId":"319924","testCaseDescription":"Sales Support - Activity Statement - Hamburger Menu","feature":"Activity Statement","userRole":"Sales Support"},{"status":"disabled","duration":0,"testCaseId":"319925","testCaseDescription":"Sales Support - Activity Statement - Summary Row","feature":"Activity Statement","userRole":"Sales Support"},{"status":"disabled","duration":0,"testCaseId":"319926","testCaseDescription":"Sales Support - Activity Statement - Line Items","feature":"Activity Statement","userRole":"Sales Support"},{"status":"disabled","duration":0,"testCaseId":"319927","testCaseDescription":"Sales Support - Activity Statement - Sample","feature":"Activity Statement","userRole":"Sales Support"},{"status":"disabled","duration":0,"testCaseId":"319928","testCaseDescription":"Sales Support - Activity Statement - QS","feature":"Activity Statement","userRole":"Sales Support"},{"status":"disabled","duration":0,"testCaseId":"319929","testCaseDescription":"Sales Support - Activity Statement - EPS","feature":"Activity Statement","userRole":"Sales Support"},{"status":"disabled","duration":0,"testCaseId":"291321","testCaseDescription":"FCT- SSS - Account Description 100% - Shares Locked and Inactive Account description","feature":"Invoicing","userRole":"Sales Support"},{"status":"disabled","duration":0,"testCaseId":"319935","testCaseDescription":"Sales Support - Activity Statement - G&R","feature":"Activity Statement","userRole":"Sales Support"},{"status":"disabled","duration":0,"testCaseId":"319936","testCaseDescription":"Sales Support - Activity Statement - Taxes","feature":"Activity Statement","userRole":"Sales Support"},{"status":"disabled","duration":0,"testCaseId":"319937","testCaseDescription":"Sales Support - Activity Statement - Charge/Credit","feature":"Activity Statement","userRole":"Sales Support"},{"status":"disabled","duration":0,"testCaseId":"330702","testCaseDescription":"Sales Support - Activity Statement - Fees","feature":"Activity Statement","userRole":"Sales Support"},{"status":"disabled","duration":0,"testCaseId":"330708","testCaseDescription":"Sales Support - Activity Statement - DP Payment & ePayment","feature":"Activity Statement","userRole":"Sales Support"},{"status":"disabled","duration":0,"testCaseId":"330712","testCaseDescription":"Sales Support - Activity Statement - DP Refund","feature":"Activity Statement","userRole":"Sales Support"},{"status":"disabled","duration":0,"testCaseId":"339411.1","testCaseDescription":"Add Sales Agency","feature":"Agencies","userRole":"Master Data"},{"status":"disabled","duration":0,"testCaseId":"339411.2","testCaseDescription":"Add Sales Agency - Check Encirca Services Checkbox for Certified Sales Agent","feature":"Agencies","userRole":"Master Data"},{"status":"disabled","duration":0,"testCaseId":"339411.3","testCaseDescription":"Add Sales Agency - Verify Territory page for the Active Agencies and Unit Manager","feature":"Agencies","userRole":"Master Data"},{"status":"disabled","duration":0,"testCaseId":"339411.4","testCaseDescription":"Add Sales Agency - Verify Beginning Sales Period is read only for older than isCurrent sales period","feature":"Agencies","userRole":"Master Data"},{"status":"disabled","duration":0,"testCaseId":"343979","testCaseDescription":"Add Agency Profile","feature":"Agencies","userRole":"Master Data"},{"status":"disabled","duration":0,"testCaseId":"353008","testCaseDescription":"Add Person","feature":"Agencies","userRole":"Master Data"},{"status":"disabled","duration":0,"testCaseId":"359862","testCaseDescription":"Update Person","feature":"Agencies","userRole":"Master Data"},{"status":"disabled","duration":0.001,"testCaseId":"360229","testCaseDescription":"Add Warehouse","feature":"Agencies","userRole":"Master Data"},{"status":"disabled","duration":0,"testCaseId":"304264","testCaseDescription":"Verify Master Data User can sign and refuse to sign an Agreement","feature":"Agreements","userRole":"Master Data"},{"status":"disabled","duration":0,"testCaseId":"319792","testCaseDescription":" Validating Sales Rep can Print and Email a Signed Agreement - English","feature":"Agreements","userRole":"Sales Representative"},{"status":"disabled","duration":0,"testCaseId":"319839","testCaseDescription":"Validating SS users can Print and Email a Signed Agreement Document","feature":"Agreements","userRole":"Sales Support"},{"status":"disabled","duration":0,"testCaseId":"319839.1","testCaseDescription":"Validating MD users can Print and Email a Signed Agreement Document","feature":"Agreements","userRole":"Master Data"},{"status":"disabled","duration":0,"testCaseId":"324059","testCaseDescription":"DP Agreement - Agreements - US - Individual","feature":"Navigations","userRole":"Sales Representative"},{"status":"disabled","duration":0,"testCaseId":"324118","testCaseDescription":"DP Agreement - Agreements - US - Business","feature":"Navigations","userRole":"Sales Representative"},{"status":"disabled","duration":0,"testCaseId":"324124","testCaseDescription":"DP Agreement - Agreements - Rabo - Individual","feature":"Navigations","userRole":"Sales Representative"},{"status":"disabled","duration":0.001,"testCaseId":"324125","testCaseDescription":"DP Agreement - Agreements - Rabo - Business","feature":"Navigations","userRole":"Sales Representative"},{"status":"disabled","duration":0,"testCaseId":"324133","testCaseDescription":"DP Agreement - Agreements - CA-EN - Individual","feature":"Navigations","userRole":"Sales Representative"},{"status":"disabled","duration":0,"testCaseId":"324135","testCaseDescription":"DP Agreement - Agreements - CA-EN - Business","feature":"Navigations","userRole":"Sales Representative"},{"status":"disabled","duration":0,"testCaseId":"324136","testCaseDescription":"DP Agreement - Agreements - CA-FR - Individual","feature":"Navigations","userRole":"Sales Representative"},{"status":"disabled","duration":0,"testCaseId":"324147","testCaseDescription":"DP Agreement - Agreements - CA-FR - Business","feature":"Navigations","userRole":"Sales Representative"},{"status":"disabled","duration":0,"testCaseId":"324155","testCaseDescription":"DP Agreement - Deferred Payment - US - Individual","feature":"Navigations","userRole":"Sales Representative"},{"status":"disabled","duration":0,"testCaseId":"324156","testCaseDescription":"DP Agreement - Deferred Payment - US - Business","feature":"Navigations","userRole":"Sales Representative"},{"status":"disabled","duration":0,"testCaseId":"324167","testCaseDescription":"DP Agreement - Deferred Payment - Rabo - Individual","feature":"Navigations","userRole":"Sales Representative"},{"status":"disabled","duration":0,"testCaseId":"324168","testCaseDescription":"DP Agreement - Deferred Payment - Rabo - Business","feature":"Navigations","userRole":"Sales Representative"},{"status":"disabled","duration":0.001,"testCaseId":"324170","testCaseDescription":"DP Agreement - Deferred Payment - CA-EN - Individual","feature":"Navigations","userRole":"Sales Representative"},{"status":"disabled","duration":0,"testCaseId":"324203","testCaseDescription":"DP Agreement - Deferred Payment - CA-EN - Business","feature":"Navigations","userRole":"Sales Representative"},{"status":"disabled","duration":0,"testCaseId":"324204","testCaseDescription":"DP Agreement - Deferred Payment - CA-FR - Individual","feature":"Navigations","userRole":"Sales Representative"},{"status":"disabled","duration":0,"testCaseId":"324206","testCaseDescription":"DP Agreement - Deferred Payment - CA-FR - Business","feature":"Navigations","userRole":"Sales Representative"},{"status":"disabled","duration":0,"testCaseId":"336465","testCaseDescription":"Agreements - Agency Agreements","feature":"Agreements","userRole":"Master Data"},{"status":"disabled","duration":0.001,"testCaseId":"337771","testCaseDescription":"Sign the Agreement - Validate Unmanned Aerial Vehicle (UAV)","feature":"Agreements","userRole":"Sales Representative"},{"status":"disabled","duration":0,"testCaseId":"359120","testCaseDescription":"SA Agreement - Validating agreement Nav, landing page, signing and viewing the Barcode scanner agreement","feature":"Agreements","userRole":"Sales Representative"},{"status":"disabled","duration":0.001,"testCaseId":"359129","testCaseDescription":"Sales Rep can sign the Barcode Scanner Agreement","feature":"Agreements","userRole":"Sales Representative"},{"status":"disabled","duration":0,"testCaseId":"359133","testCaseDescription":"SA Agreement - Validating Preview document- Email functionality","feature":"Agreements","userRole":"Sales Representative"},{"status":"disabled","duration":0,"testCaseId":"319803","testCaseDescription":"French Sales Rep can sign the Technology Agreement","feature":"Agreements","userRole":"Sales Representative"},{"status":"disabled","duration":0,"testCaseId":"337784","testCaseDescription":"French Sales Rep can sign the UAV Agreement","feature":"Agreements","userRole":"Sales Representative"},{"status":"disabled","duration":0,"testCaseId":"359134","testCaseDescription":"French Sales Rep can sign the Barcode Scanner Agreement","feature":"Navigations","userRole":"Sales Representative"},{"status":"disabled","duration":0,"testCaseId":"332654","testCaseDescription":"PVC View and Update for Countries","feature":"Commissions","userRole":"Master Data"},{"status":"disabled","duration":0,"testCaseId":"363395","testCaseDescription":"PVC View and Update for CU","feature":"Commissions","userRole":"Master Data"},{"status":"disabled","duration":0,"testCaseId":"363413","testCaseDescription":"PVC View and Update for Area","feature":"Commissions","userRole":"Master Data"},{"status":"disabled","duration":0,"testCaseId":"363415","testCaseDescription":"PVC View and Update for Territory","feature":"Commissions","userRole":"Master Data"},{"status":"disabled","duration":0,"testCaseId":"364767","testCaseDescription":"PVC Configuration Across Org Units","feature":"Commissions","userRole":"Master Data"},{"status":"disabled","duration":0,"testCaseId":"425658","testCaseDescription":"PVC Override Base for Sales Agency","feature":"Commissions","userRole":"Master Data"},{"status":"disabled","duration":0,"testCaseId":"425775","testCaseDescription":"PVC Override Acceleration Point for Sales Agency","feature":"Commissions","userRole":"Master Data"},{"status":"disabled","duration":0,"testCaseId":"435798","testCaseDescription":"Add-Upd-Del Other Commissions w/Classification for Specified Range","feature":"Commissions","userRole":"Master Data"},{"status":"disabled","duration":0,"testCaseId":"435799","testCaseDescription":"Add-Upd-Del Other Commissions w/Classification for All Revenue","feature":"Commissions","userRole":"Master Data"},{"status":"disabled","duration":0,"testCaseId":"440697","testCaseDescription":"Add-Upd-Del Other Commissions w/Classification for Revenue Growth","feature":"Commissions","userRole":"Master Data"},{"status":"disabled","duration":0,"testCaseId":"440766","testCaseDescription":"Add-Upd-Del Other Commissions w/Classification for Product Lines","feature":"Commissions","userRole":"Master Data"},{"status":"disabled","duration":0,"testCaseId":"440848","testCaseDescription":"Add-Upd-Del Other Commissions w/Classification for YOY Acre Growth","feature":"Commissions","userRole":"Master Data"},{"status":"disabled","duration":0,"testCaseId":"442989","testCaseDescription":"Other Commissions w/Classification Window Field Validations","feature":"Commissions","userRole":"Master Data"},{"status":"disabled","duration":0,"testCaseId":"443736","testCaseDescription":"Add-Upd-Del Other Commissions w/Classification for YOY Percent Acre Growth","feature":"Commissions","userRole":"Master Data"},{"status":"disabled","duration":0,"testCaseId":"446021","testCaseDescription":"Other Commissions w/out Classification Window Field Validations","feature":"Commissions","userRole":"Master Data"},{"status":"disabled","duration":0,"testCaseId":"446025","testCaseDescription":"Add-Upd-Del Other Commissions w/out Classification for All Revenue","feature":"Commissions","userRole":"Master Data"},{"status":"disabled","duration":0.001,"testCaseId":"446037","testCaseDescription":"Add-Upd-Del Other Commissions w/out Classification for Revenue Growth","feature":"Commissions","userRole":"Master Data"},{"status":"disabled","duration":0,"testCaseId":"446049","testCaseDescription":"Add-Upd-Del Other Commissions w/out Classification for Product Lines","feature":"Commissions","userRole":"Master Data"},{"status":"disabled","duration":0,"testCaseId":"297206","testCaseDescription":"Sales Support - Direct Shipment","feature":"Deliveries","userRole":"Sales Support"},{"status":"disabled","duration":0,"testCaseId":"337201","testCaseDescription":"Epayments - Sales Support - Create Epayment - US - BP","feature":"E-payments","userRole":"Sales Support"},{"status":"disabled","duration":0,"testCaseId":"337205","testCaseDescription":"Epayments - Sales Support - Create Epayment - CA-EN","feature":"E-payments","userRole":"Sales Support"},{"status":"disabled","duration":0,"testCaseId":"337207","testCaseDescription":"Epayments - Sales Support - Create Epayment - CA-FR","feature":"E-payments","userRole":"Sales Support"},{"status":"disabled","duration":0,"testCaseId":"337211","testCaseDescription":"Epayments - Sales Support - Create Epayment - US - Farm Manager","feature":"E-payments","userRole":"Sales Support"},{"status":"disabled","duration":0,"testCaseId":"337222","testCaseDescription":"Epayments - Sales Support - Edit Unprocessed Epayment","feature":"E-payments","userRole":"Sales Support"},{"status":"disabled","duration":0,"testCaseId":"337223","testCaseDescription":"Epayments - Sales Support - Edit Processed Epayment","feature":"Navigations","userRole":"Sales Support"},{"status":"disabled","duration":0,"testCaseId":"287394","testCaseDescription":"Invoice Adjustment Tool - Security Access for Sales Agent, Account Manager & Promoter","feature":"Invoicing","userRole":"Sales Representative"},{"status":"disabled","duration":0,"testCaseId":"291303","testCaseDescription":"FCT- SSS - Account Description 100% - Delete Account description","feature":"Invoicing","userRole":"Sales Support"},{"status":"disabled","duration":0,"testCaseId":"291321","testCaseDescription":"FCT- SSS - Account Description 100% - Shares Locked and Inactive Account description","feature":"Invoicing","userRole":"Sales Support"},{"status":"disabled","duration":0.001,"testCaseId":"295690","testCaseDescription":"Invoice - Units Calculator","feature":"Invoicing","userRole":"Sales Representative"},{"status":"disabled","duration":0,"testCaseId":"305744","testCaseDescription":"Master Data - Account Description","feature":"Invoicing","userRole":"Master Data"},{"status":"disabled","duration":0,"testCaseId":"312159","testCaseDescription":"View Invoice and Documents as a sales support","feature":"Invoicing","userRole":"Sales Support"},{"status":"disabled","duration":0,"testCaseId":"390791","testCaseDescription":"SS - Bulk Product Invoicing - Bulk Product With NO Bulk Storage","feature":"Invoicing","userRole":"Sales Support"},{"status":"disabled","duration":0,"testCaseId":"390794","testCaseDescription":"SS - Bulk Product Invoicing - Bulk Product With Bulk Storage","feature":"Invoicing","userRole":"Sales Support"},{"status":"disabled","duration":0,"testCaseId":"273591","testCaseDescription":"Preview Icon - Products","feature":"Invoicing","userRole":"Sales Representative"},{"status":"disabled","duration":0,"testCaseId":"273591.1","testCaseDescription":"Preview Icon - Documents","feature":"Invoicing","userRole":"Sales Representative"},{"status":"disabled","duration":0,"testCaseId":"273591.2","testCaseDescription":"Preview Icon - Charges and Credits","feature":"Invoicing","userRole":"Sales Representative"},{"status":"disabled","duration":0,"testCaseId":"273591.3","testCaseDescription":"Preview Icon - Deliver","feature":"Invoicing","userRole":"Sales Representative"},{"status":"disabled","duration":0,"testCaseId":"273591.4","testCaseDescription":"Preview Icon - Account Description","feature":"Invoicing","userRole":"Sales Representative"},{"status":"disabled","duration":0,"testCaseId":"273591.5","testCaseDescription":"Preview Icon - Business Partners","feature":"Invoicing","userRole":"Sales Representative"},{"status":"disabled","duration":0,"testCaseId":"273591.6","testCaseDescription":"Preview Icon - Activity Statement","feature":"Invoicing","userRole":"Sales Representative"},{"status":"disabled","duration":0.001,"testCaseId":"273591.7","testCaseDescription":"Preview Icon - Growth and Retention Overview","feature":"Invoicing","userRole":"Sales Representative"},{"status":"disabled","duration":0,"testCaseId":"273591.8","testCaseDescription":"Preview Icon - Experiments","feature":"Invoicing","userRole":"Sales Representative"},{"status":"disabled","duration":0,"testCaseId":"273594","testCaseDescription":"Preview Icon - Discounts","feature":"Invoicing","userRole":"Sales Representative"},{"status":"disabled","duration":0,"testCaseId":"273595","testCaseDescription":"Preview Icon - New Proposal","feature":"Invoicing","userRole":"Sales Representative"},{"status":"disabled","duration":0,"testCaseId":"361491","testCaseDescription":"Sales Rep can access Reference Materials and Help Links on Operations page","feature":"Navigations","userRole":"Sales Representative"},{"status":"disabled","duration":0,"testCaseId":"391491","testCaseDescription":"Balances Report displays for a Promote seller","feature":"Navigations","userRole":"Sales Representative"},{"status":"disabled","duration":0,"testCaseId":"416677","testCaseDescription":"Balances Report displays for an Associate seller","feature":"Navigations","userRole":"Sales Representative"},{"status":"disabled","duration":0,"testCaseId":"416706","testCaseDescription":"Balances Report displays for a Sales Rep","feature":"Navigations","userRole":"Sales Representative"},{"status":"disabled","duration":0,"testCaseId":"416707","testCaseDescription":"Balances Report displays for a sales support","feature":"Navigations","userRole":"Sales Representative"},{"status":"disabled","duration":0,"testCaseId":"416708","testCaseDescription":"Balances Report displays for an IT support","feature":"Navigations","userRole":"Sales Representative"},{"status":"disabled","duration":0,"testCaseId":"416717","testCaseDescription":"Balances Report does not display for an Account manager","feature":"Navigations","userRole":"Account Manager"},{"status":"disabled","duration":0,"testCaseId":"233717.5","testCaseDescription":"SS - Discounts Screen - Checks hamburger menu items on discounts screen redirected to correct page","feature":"Navigations","userRole":"Sales Support"},{"status":"disabled","duration":0,"testCaseId":"273600","testCaseDescription":"Ellipse Menu - Invoice Products Page","feature":"Navigations","userRole":"Sales Representative"},{"status":"disabled","duration":0,"testCaseId":"273602","testCaseDescription":"Ellipse Menu - Invoice Discounts Page","feature":"Navigations","userRole":"Sales Representative"},{"status":"disabled","duration":0,"testCaseId":"273603","testCaseDescription":"Ellipse Menu - Invoice Charges & Credits Page","feature":"Navigations","userRole":"Sales Representative"},{"status":"disabled","duration":0,"testCaseId":"273608","testCaseDescription":"Ellipse Menu - Invoice Deliver Page","feature":"Navigations","userRole":"Sales Representative"},{"status":"disabled","duration":0,"testCaseId":"273609","testCaseDescription":"Ellipse Menu - Invoice Documents Page","feature":"Navigations","userRole":"Sales Representative"},{"status":"disabled","duration":0,"testCaseId":"273615","testCaseDescription":"Ellipse Menu - New Proposal Page","feature":"Navigations","userRole":"Sales Representative"},{"status":"disabled","duration":0,"testCaseId":"273809","testCaseDescription":"Ellipse Menu - Invoice Account Description Page","feature":"Navigations","userRole":"Sales Representative"},{"status":"disabled","duration":0,"testCaseId":"295852","testCaseDescription":"Ellipse Menu - Delivery Summary page","feature":"Navigations","userRole":"IT Support"},{"status":"disabled","duration":0,"testCaseId":"295852.1","testCaseDescription":"Ellipse Menu - Invoice Summary page","feature":"Navigations","userRole":"IT Support"},{"status":"disabled","duration":0,"testCaseId":"295918.1","testCaseDescription":"Snack Bar Menu - Documents Option - Sales Support","feature":"Navigations","userRole":"Sales Support"},{"status":"disabled","duration":0,"testCaseId":"295918.2","testCaseDescription":"Snack Bar Menu - Invoice Option - Sales Support","feature":"Navigations","userRole":"Sales Support"},{"status":"disabled","duration":0,"testCaseId":"295918.3","testCaseDescription":"Snack Bar Menu - Shares Option - Sales Support","feature":"Navigations","userRole":"Sales Support"},{"status":"disabled","duration":0,"testCaseId":"397811","testCaseDescription":"Ellipse Menu - Invoice Activity Statement Page","feature":"Navigations","userRole":"Sales Representative"},{"status":"disabled","duration":0,"testCaseId":"397816","testCaseDescription":"Ellipse Menu - Invoice Growth and Retention Overview Page","feature":"Navigations","userRole":"Sales Representative"},{"status":"disabled","duration":0,"testCaseId":"405058","testCaseDescription":"Master Data users have the write access to turn off communication","feature":"Operation management","userRole":"Master Data"},{"status":"disabled","duration":0,"testCaseId":"371177","testCaseDescription":"AM - Can add-edit line items in the Operation Profile Tool","feature":"Operation Profile Tool","userRole":"Account Manager"},{"status":"disabled","duration":0,"testCaseId":"371217","testCaseDescription":"Sales Rep - Multiple sales agency - Can add, edit line items in the Operation Profile Tool","feature":"Operation Profile Tool","userRole":"Sales Representative"},{"status":"disabled","duration":0,"testCaseId":"375614","testCaseDescription":"Sales Rep - single sales agency - Can add, edit line items in the Operation Profile Tool","feature":"Operation Profile Tool","userRole":"Sales Representative"},{"status":"disabled","duration":0,"testCaseId":"404988","testCaseDescription":"Operation Profile - Validating Sales Support users access to [Operation Profile Tool] page","feature":"Operation Profile Tool","userRole":"Sales Support"},{"status":"disabled","duration":0,"testCaseId":"405005","testCaseDescription":"Master Data - Access to [Operation Profile Tool] page","feature":"Operation Profile Tool","userRole":"Master Data"},{"status":"disabled","duration":0,"testCaseId":"405008","testCaseDescription":"IT support user - Access to [Operation Profile Tool] page","feature":"Operation Profile Tool","userRole":"IT Support"},{"status":"disabled","duration":0,"testCaseId":"359289","testCaseDescription":"Commercial acres  section - Validating Save, Edit & Delete","feature":"Operation Profile","userRole":"Sales Representative"},{"status":"disabled","duration":0.001,"testCaseId":"359346","testCaseDescription":"Competitive commercial acres  section - Validating Save, Edit & Delete","feature":"Operation Profile","userRole":"Sales Representative"},{"status":"disabled","duration":0,"testCaseId":"359347","testCaseDescription":"Seed Production acres  section - Validating Save, Edit & Delete","feature":"Operation Profile","userRole":"Sales Representative"},{"status":"disabled","duration":0,"testCaseId":"359348","testCaseDescription":"Dairy Producer section - Validating Save, Edit & Delete","feature":"Operation Profile","userRole":"Sales Representative"},{"status":"disabled","duration":0.001,"testCaseId":"359352","testCaseDescription":"Other Livestock section - Validating Save, Edit & Delete","feature":"Operation Profile","userRole":"Sales Representative"},{"status":"disabled","duration":0.001,"testCaseId":"359353","testCaseDescription":"Other Livestock section - Validating Save, Edit & Delete","feature":"Operation Profile","userRole":"Sales Representative"},{"status":"disabled","duration":0,"testCaseId":"359894","testCaseDescription":"Operation Profile page -Validating Sales Rep access to the page","feature":"Operation Profile","userRole":"Sales Representative"},{"status":"disabled","duration":0,"testCaseId":"359880","testCaseDescription":"Operation Profile page - Validating French translation","feature":"Operation Profile","userRole":"Sales Representative"},{"status":"disabled","duration":0,"testCaseId":"233713","testCaseDescription":"Sales Support - Operation Screen","feature":"Operations","userRole":"Sales Support"},{"status":"disabled","duration":0.001,"testCaseId":"324677","testCaseDescription":"Cash App Team can view Encirca Payments","feature":"Payments","userRole":"Cash App"},{"status":"disabled","duration":0,"testCaseId":"324677","testCaseDescription":"Link to Pioneer.com - DP page","feature":"Payments","userRole":"Sales Representative"},{"status":"disabled","duration":0,"testCaseId":"295673","testCaseDescription":"Proposal - Units Calculator","feature":"Proposals","userRole":"Sales Representative"},{"status":"disabled","duration":0,"testCaseId":"328125.1","testCaseDescription":"Bulk storage drawer displays for agency without bulk storage","feature":"Proposals","userRole":"Sales Representative"},{"status":"disabled","duration":0,"testCaseId":"328125.2","testCaseDescription":"Bulk storage drawer does not display for agency with bulk storage","feature":"Proposals","userRole":"Sales Representative"},{"status":"disabled","duration":0,"testCaseId":"349463","testCaseDescription":"Sales Rep - Verify information displays correctly on the Balances Report","feature":"Reporting","userRole":"Sales Representative"},{"status":"disabled","duration":0,"testCaseId":"349487","testCaseDescription":"IT Support - Verify information displays correctly on the Balances Report","feature":"Reporting","userRole":"IT Support"},{"status":"disabled","duration":0,"testCaseId":"349487.1","testCaseDescription":"Sales Support - Verify information displays correctly on the Balances Report","feature":"Reporting","userRole":"Sales Support"},{"status":"disabled","duration":0,"testCaseId":"349733","testCaseDescription":"Sales Rep - Verify information displays correctly on the Balances Report in French","feature":"Reporting","userRole":"Sales Representative"},{"status":"disabled","duration":0,"testCaseId":"233709","testCaseDescription":"User Interface","feature":"Search","userRole":"Sales Representative"},{"status":"disabled","duration":0,"testCaseId":"233711","testCaseDescription":"Sales Support - Searches","feature":"Search","userRole":"Sales Support"},{"status":"disabled","duration":0,"testCaseId":"322656","testCaseDescription":"Master Data Search - Countries","feature":"Search","userRole":"Master Data"},{"status":"disabled","duration":0,"testCaseId":"322657","testCaseDescription":"Master Data Search - Business Units","feature":"Search","userRole":"Master Data"},{"status":"disabled","duration":0,"testCaseId":"333395","testCaseDescription":"Master Data Search - Areas","feature":"Search","userRole":"Master Data"},{"status":"disabled","duration":0,"testCaseId":"333544","testCaseDescription":"Master Data Search - Business Partners","feature":"Search","userRole":"Master Data"},{"status":"disabled","duration":0,"testCaseId":"333655","testCaseDescription":"Master Data Search - Sales Agencies","feature":"Search","userRole":"Master Data"},{"status":"disabled","duration":0,"testCaseId":"333844","testCaseDescription":"Master Data Search - Territories","feature":"Search","userRole":"Master Data"},{"status":"disabled","duration":0,"testCaseId":"341020","testCaseDescription":"Search: Put matching Seller name in Main Search Results on Agency Card","feature":"Search","userRole":"Master Data"},{"status":"disabled","duration":0,"testCaseId":"341020.1","testCaseDescription":"Verify Master search will return agencies when an associated person is searched for","feature":"Search","userRole":"Master Data"},{"status":"disabled","duration":0,"testCaseId":"341360","testCaseDescription":"Search Remove match on address from main search result for Sales Agency","feature":"Search","userRole":"Master Data"},{"status":"disabled","duration":0,"testCaseId":"341360.1","testCaseDescription":"Search Remove match on address from main search result for Warehouse","feature":"Search","userRole":"Master Data"},{"status":"disabled","duration":0.001,"testCaseId":"365191","testCaseDescription":"Master Data Search - Publish Operations - Operation Management Screen","feature":"Search","userRole":"Master Data"},{"status":"disabled","duration":0,"testCaseId":"368307","testCaseDescription":"Populate Master data on Main Search Page","feature":"Search","userRole":"Master Data"},{"status":"disabled","duration":0,"testCaseId":"382287","testCaseDescription":"Warehouse Master Data Warehouse Publish includes agency name","feature":"Search","userRole":"Master Data"}]