{
  "extends": "tslint:recommended",

  "rules": {
    "curly": false,
    "eofline": false,
    "interface-name": false,
    "max-line-length": 150,
    "no-reference": false,
    "object-literal-sort-keys": false,
    "only-arrow-functions": false,
    /*    "quotemark": [  //auto-import statements add double quotes
      true,
      "single"
    ],*/
    "quotemark": false,
    "trailing-comma": [
      true,
      {
        "multiline": "never",
        "singleline": "never"
      }
    ]
  }
}