{
  "name": "connex_e2e",
  "dependencies": {},
  "globalDependencies": {
    "angular-protractor": "registry:dt/angular-protractor#1.5.0+20160425143459",
    "form-data": "registry:dt/form-data#0.0.0+20160724024111",
    "jasmine": "registry:dt/jasmine#2.5.0+20161025102649",
    "moment": "registry:dt/moment#2.8.0+20160316155526",
    "moment-node": "registry:dt/moment-node#2.11.1+20160511043338",
    "node": "registry:dt/node#6.0.0+20161110151007",
    "optimist": "registry:dt/optimist#0.0.0+20160316171810",
    "qs": "registry:dt/qs#6.2.0+20160707010053",
    "request": "registry:dt/request#0.0.0+20160726020908",
    "selenium-webdriver": "registry:dt/selenium-webdriver#2.44.0+20160317120654",
    "typescript": "registry:dt/typescript#0.4.0+20160317120654",
    "watch": "registry:dt/watch#0.0.0+20160316155526",
    "winston": "registry:dt/winston#0.0.0+20160417152829"
  }
}
